<?xml version="1.0" encoding="utf-16"?>
<ModControlStructure xmlns:xsi="http://www.w3.org/2001/XMLSchema-instance" xmlns:xsd="http://www.w3.org/2001/XMLSchema">
  <AllowNonListedPlugins>true</AllowNonListedPlugins>
  <RequiredExpansions></RequiredExpansions>
  <MandatoryPlugins></MandatoryPlugins>
  <ForbiddenPlugins></ForbiddenPlugins>
  <MandatoryParts></MandatoryParts>
  <AllowedParts>
    <string>StandardCtrlSrf</string>
    <string>CanardController</string>
    <string>noseCone</string>
    <string>AdvancedCanard</string>
    <string>airplaneTail</string>
    <string>deltaWing</string>
    <string>noseConeAdapter</string>
    <string>rocketNoseCone</string>
    <string>smallCtrlSrf</string>
    <string>standardNoseCone</string>
    <string>sweptWing</string>
    <string>tailfin</string>
    <string>wingConnector</string>
    <string>winglet</string>
    <string>R8winglet</string>
    <string>winglet3</string>
    <string>Mark1Cockpit</string>
    <string>Mark2Cockpit</string>
    <string>Mark1-2Pod</string>
    <string>advSasModule</string>
    <string>asasmodule1-2</string>
    <string>avionicsNoseCone</string>
    <string>crewCabin</string>
    <string>cupola</string>
    <string>landerCabinSmall</string>
    <string>mark3Cockpit</string>
    <string>mk1pod</string>
    <string>mk2LanderCabin</string>
    <string>probeCoreCube</string>
    <string>probeCoreHex</string>
    <string>probeCoreOcto</string>
    <string>probeCoreOcto2</string>
    <string>probeCoreSphere</string>
    <string>probeStackLarge</string>
    <string>probeStackSmall</string>
    <string>sasModule</string>
    <string>seatExternalCmd</string>
    <string>rtg</string>
    <string>batteryBank</string>
    <string>batteryBankLarge</string>
    <string>batteryBankMini</string>
    <string>batteryPack</string>
    <string>ksp.r.largeBatteryPack</string>
    <string>largeSolarPanel</string>
    <string>solarPanels1</string>
    <string>solarPanels2</string>
    <string>solarPanels3</string>
    <string>solarPanels4</string>
    <string>solarPanels5</string>
    <string>JetEngine</string>
    <string>engineLargeSkipper</string>
    <string>ionEngine</string>
    <string>liquidEngine</string>
    <string>liquidEngine1-2</string>
    <string>liquidEngine2</string>
    <string>liquidEngine2-2</string>
    <string>liquidEngine3</string>
    <string>liquidEngineMini</string>
    <string>microEngine</string>
    <string>nuclearEngine</string>
    <string>radialEngineMini</string>
    <string>radialLiquidEngine1-2</string>
    <string>sepMotor1</string>
    <string>smallRadialEngine</string>
    <string>solidBooster</string>
    <string>solidBooster1-1</string>
    <string>toroidalAerospike</string>
    <string>turboFanEngine</string>
    <string>MK1Fuselage</string>
    <string>Mk1FuselageStructural</string>
    <string>RCSFuelTank</string>
    <string>RCSTank1-2</string>
    <string>rcsTankMini</string>
    <string>rcsTankRadialLong</string>
    <string>fuelTank</string>
    <string>fuelTank1-2</string>
    <string>fuelTank2-2</string>
    <string>fuelTank3-2</string>
    <string>fuelTank4-2</string>
    <string>fuelTankSmall</string>
    <string>fuelTankSmallFlat</string>
    <string>miniFuelTank</string>
    <string>mk2Fuselage</string>
    <string>mk2SpacePlaneAdapter</string>
    <string>mk3Fuselage</string>
    <string>mk3spacePlaneAdapter</string>
    <string>radialRCSTank</string>
    <string>toroidalFuelTank</string>
    <string>xenonTank</string>
    <string>xenonTankRadial</string>
    <string>adapterLargeSmallBi</string>
    <string>adapterLargeSmallQuad</string>
    <string>adapterLargeSmallTri</string>
    <string>adapterSmallMiniShort</string>
    <string>adapterSmallMiniTall</string>
    <string>nacelleBody</string>
    <string>radialEngineBody</string>
    <string>smallHardpoint</string>
    <string>stationHub</string>
    <string>structuralIBeam1</string>
    <string>structuralIBeam2</string>
    <string>structuralIBeam3</string>
    <string>structuralMiniNode</string>
    <string>structuralPanel1</string>
    <string>structuralPanel2</string>
    <string>structuralPylon</string>
    <string>structuralWing</string>
    <string>strutConnector</string>
    <string>strutCube</string>
    <string>strutOcto</string>
    <string>trussAdapter</string>
    <string>trussPiece1x</string>
    <string>trussPiece3x</string>
    <string>CircularIntake</string>
    <string>landingLeg1</string>
    <string>landingLeg1-2</string>
    <string>RCSBlock</string>
    <string>stackDecoupler</string>
    <string>airScoop</string>
    <string>commDish</string>
    <string>decoupler1-2</string>
    <string>dockingPort1</string>
    <string>dockingPort2</string>
    <string>dockingPort3</string>
    <string>dockingPortLarge</string>
    <string>dockingPortLateral</string>
    <string>fuelLine</string>
    <string>ladder1</string>
    <string>largeAdapter</string>
    <string>largeAdapter2</string>
    <string>launchClamp1</string>
    <string>linearRcs</string>
    <string>longAntenna</string>
    <string>miniLandingLeg</string>
    <string>parachuteDrogue</string>
    <string>parachuteLarge</string>
    <string>parachuteRadial</string>
    <string>parachuteSingle</string>
    <string>radialDecoupler</string>
    <string>radialDecoupler1-2</string>
    <string>radialDecoupler2</string>
    <string>ramAirIntake</string>
    <string>roverBody</string>
    <string>sensorAccelerometer</string>
    <string>sensorBarometer</string>
    <string>sensorGravimeter</string>
    <string>sensorThermometer</string>
    <string>spotLight1</string>
    <string>spotLight2</string>
    <string>stackBiCoupler</string>
    <string>stackDecouplerMini</string>
    <string>stackPoint1</string>
    <string>stackQuadCoupler</string>
    <string>stackSeparator</string>
    <string>stackSeparatorBig</string>
    <string>stackSeparatorMini</string>
    <string>stackTriCoupler</string>
    <string>telescopicLadder</string>
    <string>telescopicLadderBay</string>
    <string>SmallGearBay</string>
    <string>roverWheel1</string>
    <string>roverWheel2</string>
    <string>roverWheel3</string>
    <string>wheelMed</string>
    <string>flag</string>
    <string>kerbalEVA</string>
    <string>mediumDishAntenna</string>
    <string>GooExperiment</string>
    <string>science.module</string>
    <string>RAPIER</string>
    <string>Large.Crewed.Lab</string>
    <string>GrapplingDevice</string>
    <string>LaunchEscapeSystem</string>
    <string>MassiveBooster</string>
    <string>PotatoRoid</string>
    <string>Size2LFB</string>
    <string>Size3AdvancedEngine</string>
    <string>size3Decoupler</string>
    <string>Size3EngineCluster</string>
    <string>Size3LargeTank</string>
    <string>Size3MediumTank</string>
    <string>Size3SmallTank</string>
    <string>Size3to2Adapter</string>
    <string>omsEngine</string>
    <string>vernierEngine</string>
    <string>delta.small</string>
    <string>elevon2</string>
    <string>elevon3</string>
    <string>elevon5</string>
    <string>IntakeRadialLong</string>
    <string>MK1IntakeFuselage</string>
    <string>mk2.1m.AdapterLong</string>
    <string>mk2.1m.Bicoupler</string>
    <string>mk2CargoBayL</string>
    <string>mk2CargoBayS</string>
    <string>mk2Cockpit.Inline</string>
    <string>mk2Cockpit.Standard</string>
    <string>mk2CrewCabin</string>
    <string>mk2DockingPort</string>
    <string>mk2DroneCore</string>
    <string>mk2FuselageLongLFO</string>
    <string>mk2FuselageShortLFO</string>
    <string>mk2FuselageShortLiquid</string>
    <string>mk2FuselageShortMono</string>
    <string>shockConeIntake</string>
    <string>structuralWing2</string>
    <string>structuralWing3</string>
    <string>structuralWing4</string>
    <string>sweptWing1</string>
    <string>sweptWing2</string>
    <string>wingConnector2</string>
    <string>wingConnector3</string>
    <string>wingConnector4</string>
    <string>wingConnector5</string>
    <string>wingStrake</string>
    <string>adapterMk3-Mk2</string>
    <string>adapterMk3-Size2</string>
    <string>adapterMk3-Size2Slant</string>
    <string>adapterSize2-Mk2</string>
    <string>adapterSize2-Size1</string>
    <string>adapterSize2-Size1Slant</string>
    <string>adapterSize3-Mk3</string>
    <string>mk3CargoBayL</string>
    <string>mk3CargoBayM</string>
    <string>mk3CargoBayS</string>
    <string>mk3Cockpit.Shuttle</string>
    <string>mk3CrewCabin</string>
    <string>mk3FuselageLF.100</string>
    <string>mk3FuselageLF.25</string>
    <string>mk3FuselageLF.50</string>
    <string>mk3FuselageLFO.100</string>
    <string>mk3FuselageLFO.25</string>
    <string>mk3FuselageLFO.50</string>
    <string>mk3FuselageMONO</string>
    <string>kerbalEVAfemale</string>
    <string>airbrake1</string>
    <string>airlinerCtrlSrf</string>
    <string>airlinerMainWing</string>
    <string>airlinerTailFin</string>
    <string>pointyNoseConeA</string>
    <string>pointyNoseConeB</string>
    <string>airplaneTailB</string>
    <string>fairingSize1</string>
    <string>fairingSize2</string>
    <string>fairingSize3</string>
    <string>HeatShield1</string>
    <string>HeatShield2</string>
    <string>HeatShield3</string>
    <string>wingShuttleDelta</string>
    <string>elevonMk3</string>
    <string>wingShuttleElevon1</string>
    <string>wingShuttleElevon2</string>
    <string>wingShuttleRudder</string>
    <string>wingShuttleStrake</string>
    <string>delta.small</string>
    <string>mk2Cockpit.Inline</string>
    <string>mk2Cockpit.Standard</string>
    <string>mk3Cockpit.Shuttle</string>
    <string>ksp.r.largeBatteryPack</string>
    <string>solidBooster.sm</string>
    <string>fuelTank.long</string>
    <string>mk2.1m.Bicoupler</string>
    <string>mk2.1m.AdapterLong</string>
    <string>mk3FuselageLFO.100</string>
    <string>mk3FuselageLFO.25</string>
    <string>mk3FuselageLFO.50</string>
    <string>mk3FuselageLF.100</string>
    <string>mk3FuselageLF.25</string>
    <string>mk3FuselageLF.50</string>
    <string>xenonTankLarge</string>
    <string>mk3Cockpit.Shuttle</string>
    <string>FuelCell</string>
    <string>FuelCellArray</string>
    <string>ISRU</string>
    <string>LargeTank</string>
    <string>OrbitalScanner</string>
    <string>RadialDrill</string>
    <string>SmallTank</string>
    <string>SurfaceScanner</string>
    <string>SurveyScanner</string>
    <string>sensorAtmosphere</string>
    <string>Large.Crewed.Lab</string>
    <string>science.module</string>
    <string>radialDrogue</string>
    <string>ServiceBay.125</string>
    <string>ServiceBay.250</string>
    <string>GearFixed</string>
    <string>GearFree</string>
    <string>GearLarge</string>
    <string>GearMedium</string>
    <string>basicFin</string>
    <string>foldingRadLarge</string>
    <string>foldingRadMed</string>
    <string>foldingRadSmall</string>
    <string>radPanelLg</string>
    <string>radPanelSm</string>
    <string>turboJet</string>
    <string>turboFanSize2</string>
    <string>miniJetEngine</string>
    <string>SSME</string>
    <string>adapterEngines</string>
    <string>miniFuselage</string>
    <string>miniIntake</string>
    <string>MK1CrewCabin</string>
    <string>MiniISRU</string>
    <string>MiniDrill</string>
    <string>RadialOreTank</string>
    <string>radPanelEdge</string>
    <string>mk3CargoRamp</string>
    <string>InflatableHeatShield</string>
    <string>HECS2.ProbeCore</string>
    <string>HighGainAntenna</string>
    <string>LgRadialSolarPanel</string>
    <string>GearSmall</string>
    <string>ScienceBox</string>
    <string>SurfAntenna</string>
    <string>HighGainAntenna5</string>
    <string>RelayAntenna100</string>
    <string>RelayAntenna5</string>
    <string>RelayAntenna50</string>
    <string>HeatShield0</string>
    <string>InfraredTelescope</string>
    <string>kerbalEVAVintage</string>
    <string>kerbalEVAfemaleVintage</string>
    <string>mk1-3pod</string>
    <string>Decoupler_0</string>
    <string>Decoupler_1</string>
    <string>Decoupler_2</string>
    <string>Decoupler_3</string>
    <string>Separator_0</string>
    <string>Separator_1</string>
    <string>Separator_2</string>
    <string>Separator_3</string>
    <string>externalTankCapsule</string>
    <string>externalTankRound</string>
    <string>externalTankToroid</string>
    <string>Rockomax16_BW</string>
    <string>Rockomax32_BW</string>
    <string>Rockomax64_BW</string>
    <string>Rockomax8BW</string>
    <string>Decoupler.0</string>
    <string>Decoupler.1</string>
    <string>Decoupler.2</string>
    <string>Decoupler.3</string>
    <string>Separator.0</string>
    <string>Separator.1</string>
    <string>Separator.2</string>
    <string>Separator.3</string>
    <string>Rockomax16.BW</string>
    <string>Rockomax32.BW</string>
    <string>Rockomax64.BW</string>
    <string>Decoupler.1p5</string>
    <string>Decoupler.4</string>
    <string>EnginePlate1p5</string>
    <string>EnginePlate2</string>
    <string>EnginePlate3</string>
    <string>EnginePlate4</string>
    <string>InflatableAirlock</string>
    <string>Separator.1p5</string>
    <string>Separator.4</string>
    <string>Size1p5.Strut.Decoupler</string>
    <string>LiquidEngineKE-1</string>
    <string>LiquidEngineLV-T91</string>
    <string>LiquidEngineLV-TX87</string>
    <string>LiquidEngineRE-I2</string>
    <string>LiquidEngineRE-J10</string>
    <string>LiquidEngineRK-7</string>
    <string>LiquidEngineRV-1</string>
    <string>monopropMiniSphere</string>
    <string>Size1p5.Monoprop</string>
    <string>Size1p5.Size0.Adapter.01</string>
    <string>Size1p5.Size1.Adapter.01</string>
    <string>Size1p5.Size1.Adapter.02</string>
    <string>Size1p5.Size2.Adapter.01</string>
    <string>Size1p5.Tank.01</string>
    <string>Size1p5.Tank.02</string>
    <string>Size1p5.Tank.03</string>
    <string>Size1p5.Tank.04</string>
    <string>Size1p5.Tank.05</string>
    <string>Size3.Size4.Adapter.01</string>
    <string>Size4.EngineAdapter.01</string>
    <string>Size4.Tank.01</string>
    <string>Size4.Tank.02</string>
    <string>Size4.Tank.03</string>
    <string>Size4.Tank.04</string>
    <string>roverWheelM1-F</string>
    <string>fairingSize1p5</string>
    <string>fairingSize4</string>
    <string>Size1to0ServiceModule</string>
    <string>ServiceModule18</string>
    <string>ServiceModule25</string>
    <string>kv1Pod</string>
    <string>kv2Pod</string>
    <string>kv3Pod</string>
    <string>Mk2Pod</string>
    <string>MEMLander</string>
    <string>EquiTriangle0</string>
    <string>EquiTriangle1</string>
    <string>EquiTriangle1p5</string>
    <string>EquiTriangle2</string>
    <string>Panel0</string>
    <string>Panel1</string>
    <string>Panel1p5</string>
    <string>Panel2</string>
    <string>Triangle0</string>
    <string>Triangle1</string>
    <string>Triangle1p5</string>
    <string>Triangle2</string>
    <string>Tube1</string>
    <string>Tube1p5</string>
    <string>Tube2</string>
    <string>Tube3</string>
    <string>Tube4</string>
    <string>HeatShield1p5</string>
    <string>mk1pod.v2</string>
    <string>probeCoreHex.v2</string>
    <string>probeCoreOcto2.v2</string>
    <string>probeCoreOcto.v2</string>
    <string>roverBody.v2</string>
    <string>probeCoreSphere.v2</string>
    <string>solidBooster.v2</string>
    <string>solidBooster.sm.v2</string>
    <string>rocketNoseCone.v2</string>
    <string>mk2LanderCabin.v2</string>
    <string>liquidEngineMini.v2</string>
    <string>liquidEngine3.v2</string>
    <string>liquidEngine2-2.v2</string>
    <string>Size3To2Adapter.v2</string>
    <string>stackBiCoupler.v2</string>
    <string>stackTriCoupler.v2</string>
    <string>rocketNoseConeSize3</string>
    <string>smallRadialEngine.v2</string>
    <string>radialEngineMini.v2</string>
    <string>microEngine.v2</string>
    <string>RCSBlock.v2</string>
    <string>kerbalEVAFuture</string>
    <string>kerbalEVAfemaleFuture</string>
    <string>rocketNoseConeSize4</string>
    <string>cargoContainer</string>
    <string>smallCargoContainer</string>
    <string>DeployedCentralStation</string>
    <string>DeployedGoExOb</string>
    <string>DeployedIONExp</string>
    <string>DeployedRTG</string>
    <string>DeployedSatDish</string>
    <string>DeployedSeismicSensor</string>
    <string>DeployedSolarPanel</string>
    <string>DeployedWeatherStn</string>
    <string>hinge.01</string>
    <string>hinge.01.s</string>
    <string>hinge.03</string>
    <string>hinge.03.s</string>
    <string>hinge.04</string>
    <string>piston.01</string>
    <string>piston.02</string>
    <string>piston.03</string>
    <string>piston.04</string>
    <string>rotor.01</string>
    <string>rotor.02</string>
    <string>rotor.03</string>
    <string>rotoServo.00</string>
    <string>rotoServo.02</string>
    <string>rotoServo.03</string>
    <string>rotoServo.04</string>
    <string>controller1000</string>
    <string>RobotArmScanner.S1</string>
    <string>RobotArmScanner.S2</string>
    <string>RobotArmScanner.S3</string>
    <string>noseconeTiny</string>
    <string>noseconeVS</string>
    <string>largeHeliBlade</string>
    <string>largePropeller</string>
    <string>mediumHeliBlade</string>
    <string>mediumPropeller</string>
    <string>smallHeliBlade</string>
    <string>smallPropeller</string>
    <string>RotorEngine.02</string>
    <string>RotorEngine.03</string>
    <string>rotor.01s</string>
    <string>rotor.02s</string>
    <string>rotor.03s</string>
    <string>lGripPad</string>
    <string>lGripStrip</string>
    <string>mGripPad</string>
    <string>sGripPad</string>
    <string>sGripStrip</string>
    <string>Thoroughbred</string>
    <string>Clydesdale</string>
    <string>Shrimp</string>
    <string>Mite</string>
    <string>ServiceBay.125.v2</string>
    <string>ServiceBay.250.v2</string>
    <string>liquidEngineMainsail.v2</string>
    <string>engineLargeSkipper.v2</string>
    <string>ReleaseValve</string>
    <string>Size.1.5.Cone</string>
    <string>Pollux</string>
    <string>FanShroud.01</string>
    <string>FanShroud.02</string>
    <string>FanShroud.03</string>
    <string>largeFanBlade</string>
    <string>mediumFanBlade</string>
    <string>smallFanBlade</string>
    <string>Magnetometer</string>
    <string>MpoProbe</string>
    <string>MtmStage</string>
    <string>PotatoComet</string>
    <string>flagPartFlat</string>
    <string>flagPartSize0</string>
    <string>flagPartSize1</string>
    <string>flagPartSize2</string>
    <string>flagPartSize3</string>
    <string>smallClaw</string>
  </AllowedParts>
  <AllowedResources>
    <string>LiquidFuel</string>
    <string>Oxidizer</string>
    <string>SolidFuel</string>
    <string>MonoPropellant</string>
    <string>XenonGas</string>
    <string>ElectricCharge</string>
    <string>IntakeAir</string>
    <string>EVA Propellant</string>
    <string>Ore</string>
    <string>Ablator</string>
  </AllowedResources>
</ModControlStructure>