<?xml version="1.0" encoding="utf-16"?>
<ConnectionSettingsDefinition xmlns:xsi="http://www.w3.org/2001/XMLSchema-instance" xmlns:xsd="http://www.w3.org/2001/XMLSchema">
  <!--The UDP port the server listens on. You don't need to open it on your router if RegisterWithMasterServer = true. If you want that players can connect against your server MANUALLY you will need to open it on your router-->
  <Port>8800</Port>
  <!--Heartbeat interval in ms. MUST be lower than the ConnectionMsTimeout value.-->
  <HearbeatMsInterval>1000</HearbeatMsInterval>
  <!--Connection timeout in ms. If no heartbeats are received after this interval, the client is disconnected.-->
  <ConnectionMsTimeout>30000</ConnectionMsTimeout>
  <!--Tries to use UPnP to open the ports in your router-->
  <Upnp>true</Upnp>
  <!--UPnP timeout in ms for trying to open the ports-->
  <UpnpMsTimeout>5000</UpnpMsTimeout>
  <!--Maximum transmission unit (MTU) size in bytes. Min value is 1. Default value is 1408. Max value is 8192.-->
  <MaximumTransmissionUnit>1408</MaximumTransmissionUnit>
  <!--Try to expand MTU size-->
  <AutoExpandMtu>false</AutoExpandMtu>
</ConnectionSettingsDefinition>